Name,Rating,Ease of Prep,Notes,Type,Prep Time,Photo,Cookbook,Page #,Ingredients,Slowcooker,Link,Last Made,Make It Next
Jamaican Jerk Chicken,⭐⭐⭐⭐⭐,Average,Luke loved this one,Main Dish,30,,Taste From Home,,Chicken,,,12/8/2018,12/28/2018
Pasta Salad,⭐⭐⭐,Fairly Easy,Make night before,Salad,20,,Taste From Home,,"Kielbasa,Noodles",,,,#ERROR
Lasagna,⭐⭐⭐,Fairly Easy,Make night before,Main Dish,45,,Taste From Home,,"Sausage,Noodles",,,1/6/2019,2/22/2019
Hearty Pancakes,⭐⭐⭐⭐,Average,Makes enough for 2 days,Breakfast,20,Image 29 April 2017 07:50 AM.jpg (https://v5.airtableusercontent.com/v1/15/15/1679162400000/y9b9DTnB0ABq4GyV67NJ6A/nAZaqDhL7pXZvyzy_2pOkZZb2ti3fQ3dpOHmytGNv0tZNHlT6WBIM1E4K5bovXpd5FKRCProYBkt5tV9b57vcw/2AdV3_EezExfAVB9D9G0PQDepf5MVM0DC5SNYDXKjHY),Taste From Home,,"Milk,Eggs,Corn Meal",,,,#ERROR
Summer Garden Couscous Salad,⭐⭐⭐⭐,Hard,,Salad,30,Image 08 May 2017 07:00 PM.jpg (https://v5.airtableusercontent.com/v1/15/15/1679162400000/X4GZ6R42EHfzFxFix4Hu9w/Tx3OmQ15a8ft9zpzJ7XDkAzOASmXzD3GdXUHHsnwrWUjv11mg1_hxjGwgMZe--fQccMWnSNYrxxP_P7Uvu3VBA/FT-sCKAdT3rUx_kqtmIGUYRYK5mrhvvK-X4n79aj_38),Taste of Home,287,Vegetarian,,,11/18/2018,12/18/2018
Squash Corn Chowder,⭐⭐,Hard,,Main Dish,45,Image 08 May 2017 07:06 PM.jpg (https://v5.airtableusercontent.com/v1/15/15/1679162400000/bwgFem-jPpsKmeZNuv3V5Q/P91RjroBCWZSwdP_GtRakIN82VFj-srdlyaF3oJ_CyYbqvrjPpcu7PaY0w59Dp3gXAKrbZnOEDcwJTJzpMAXFA/EKQaQnaFN2zdT_OAGf_YUC84kZOwt7UnJdI-9hYBqDM),Taste From Home,,"Vegetarian,Potatoes",,,5/8/2017,7/9/2017
"White beans, tomatoes, and spinach",⭐⭐⭐,Fairly Easy,Luke likes this one,Main Dish,30,Image 10 May 2017 07:14 PM.jpg (https://v5.airtableusercontent.com/v1/15/15/1679162400000/DNYqVxW4qklYV3cJADqNFA/P8EEJv13vueaZOYhVf0VjT_fcG1knJHjKE8ZV3JfayZGc9YusSDvS1rYmCid9Ob4A1nm_JU1mU6su3uhBCMGtQ/rX0FYhgRIQDAZXeYVkycSvVh8Ltvq4F9kt-L6j6MWdM),Taste From Home,,"Rice,Vegetarian,Beans,Eggs",,,1/7/2019,2/23/2019
Spaghetti,⭐⭐⭐⭐⭐,Super Simple,,Main Dish,15,,Taste From Home,,"Noodles,Marinara Sauce",,,6/4/2018,6/24/2018
Scones,⭐⭐⭐⭐⭐,Super Simple,Make dough night before,Baking Basics,45,Image 23 June 2017 11:21 AM.jpg (https://v5.airtableusercontent.com/v1/15/15/1679162400000/o9qQjJrYlAlqYXTWIbiJ3A/nnx5rxMqVNsgcx49Y5cF4cmZd7ALR16elbo_rKY-s7YDmMJFPnZbFfR-dnB3M8EK4N-_VKeqGrRAoq_OojjgHA/0ZyuVTFU0ZmMgpYsb7pM_U-E443JL0TAPVXn4UBK6H0),"Pinterest,Taste of Home",,,,,5/13/2017,6/2/2017
Pizza,⭐⭐⭐⭐⭐,Average,Use half whole wheat flour,Main Dish,120,Image 14 May 2017 02:11 PM.jpg (https://v5.airtableusercontent.com/v1/15/15/1679162400000/7S7e4z661qngNRGdudpr-A/6TI-50kzrA8B4jbA2ig317CUMW19bRD6hq4qL_c9AGbccEgd47oy62pmXbRMgbaeSJAizb03bn0ageBj_f4bsQ/cqADwlSUl6rsn5Rtlrl5Ot1BVOMmxh7NBXvrJlihwQw),Taste From Home,,"Sausage,Cheese",,,5/5/2017,5/25/2017
Stir-Fry,⭐⭐⭐⭐⭐,Fairly Easy,,Main Dish,25,,Taste of Home,4,"Chicken,Rice",,,2/5/2019,2/25/2019
Rustic Italian Tortellini Soup,⭐⭐⭐⭐,Hard,,Main Dish,30,,Taste of Home,62,"Sausage,Noodles,Cheese",,,6/18/2017,7/18/2017
Swedish Meatballs,⭐⭐⭐,Very Difficult,,Main Dish,90,,Taste of Home,110,"Beef,Noodles,Eggs",,,,#ERROR
Barley Beef Skillet,⭐⭐⭐⭐,Super Simple,,Main Dish,25,,Taste of Home,114,Beef,,,6/12/2017,7/12/2017
Southwest Beef & Rice Skillet,⭐⭐⭐⭐⭐,Super Simple,,Main Dish,25,Image 23 June 2017 11:22 AM.jpg (https://v5.airtableusercontent.com/v1/15/15/1679162400000/OVEQYofJWFyXBQsIktdkCQ/KoTyKhcaliLlkziSD1VDXBWANUku_h7ImmcdVxcZ_64-r5yR0AO5ckSeWNTsvW4uRL-h_n-tHcc-d16HXL-EFQ/14OtPIWveyMVmTZ6W3WgTUH7f7s7N1WT-x8RtuHaKUQ),Taste of Home,115,"Beef,Rice,Beans",,,7/29/2018,8/18/2018
Glazed Pork Chops with Corn Bread Dressing,⭐⭐⭐⭐,Average,,Main Dish,45,,Taste of Home,129,Pork,,,,#ERROR
Fried Rice,⭐⭐⭐⭐,Super Simple,,Main Dish,20,,Taste of Home,135,"Chicken,Eggs,Rice",,https://www.tasteofhome.com/recipes/mom-s-fried-rice,1/24/2019,2/23/2019
Zesty Sausage & Beans,⭐⭐⭐⭐⭐,Fairly Easy,,Main Dish,45,,Taste of Home,141,"Sausage,Beans,Rice",checked,,6/16/2017,7/6/2017
Prosciutto Pasta Toss,⭐⭐,Fairly Easy,,Main Dish,30,,Taste of Home,146,"Noodles,Ham",,,,#ERROR
Cashew Chicken with Noodles,⭐⭐⭐⭐⭐,Average,,Main Dish,20,,Taste of Home,175,"Noodles,Chicken",,,,#ERROR
Herb Chicken with Honey Butter,⭐⭐⭐,Average,,Main Dish,30,Image 23 May 2017 05:26 PM.jpg (https://v5.airtableusercontent.com/v1/15/15/1679162400000/yETziocUPi2IkDF1R-AFtA/RDANRYB6o07VUKuOCWnNpXsVViUANjDLM7ndAwIhFSl2ULsfRStZmdNLMRWwXKPLMkkJmWgEaF-Lz0pX0MSGxA/csNs5sxCtJ9vxTNTSQGjBgLYanBqyhp9_eXH4S1AFMA),Taste of Home,176,Chicken,,,5/23/2017,7/9/2017
French Toast,⭐⭐⭐⭐,Super Simple,,Breakfast,10,,Taste of Home,245,Eggs,,,,#ERROR
Swedish Pancakes,⭐⭐⭐⭐,Fairly Easy,,Breakfast,20,,Taste of Home,245,"Milk,Eggs",,,,#ERROR
Baked Cheddar Eggs & Potatoes,⭐⭐⭐⭐⭐,Fairly Easy,Add bacon,Main Dish,45,Image 20 May 2017 07:52 PM.jpg (https://v5.airtableusercontent.com/v1/15/15/1679162400000/WJYBUKaVpakKH6-norvOBQ/-xawpFo-m7VKFn9NQHYS-TgbulBf9dct5fEnn6BeBVIqyNzO6ZPDjrRHRJYez4zWoH_1z2FDME_p4coyxD5Cpw/HUPM0vFW089mYyblAtf9xqnDoirF-1Q0xa-3alPwHwY),Taste of Home,277,"Potatoes,Bacon,Cheese,Eggs",,,11/24/2018,12/14/2018
Baked Mostaccioli,⭐⭐⭐⭐⭐,Super Simple,,Main Dish,90,,Taste of Home,284,"Noodles,Marinara Sauce,Cheese,Sausage",,,,#ERROR
Ravioli with Snap Peas,⭐⭐⭐⭐,Hard,,Main Dish,40,,Taste of Home,286,"Noodles,Milk,Cheese",,,7/23/2018,8/22/2018
Cloverleaf Rolls,⭐⭐⭐,Fairly Easy,,Side Dish,30,,Taste From Home,,Milk,,,,#ERROR
Greek Yogurt and Honey Blueberry Muffins,⭐⭐⭐⭐,Average,,Breakfast,30,,Taste From Home,,"Eggs,Milk",,,,#ERROR
Whole Grain Waffles,⭐⭐⭐⭐⭐,Super Simple,,Breakfast,25,,Taste From Home,,"Eggs,Milk",,,,#ERROR
Lemon Bars,⭐⭐⭐,Fairly Easy,,Dessert,60,,Taste From Home,,,,,,#ERROR
Qahaq Cookies,⭐⭐,Average,,Dessert,30,,Taste From Home,,,,,,#ERROR
Blondies with Nutella,⭐⭐,Hard,,Dessert,90,,Taste From Home,,,,,,#ERROR
Hot Chocolate,⭐⭐⭐⭐⭐,Super Simple,,Dessert,10,,Taste From Home,,Milk,,,,#ERROR
Chocolate Mousse,⭐⭐⭐⭐,Hard,Whisk on stove until thick,Dessert,30,Image 23 June 2017 10:40 AM.jpg (https://v5.airtableusercontent.com/v1/15/15/1679162400000/MokFwEPjXt8YfyVnrhoytg/iFUr0-LH2ICTomeTAvClCMmXV6VnqDveNAO8-EIqUIWJR4Gn9tRVruuH8voMTyIeaB5UPGcvQoBeiM8pjTZpUQ/Gckx8JvsiVD_MX3L3BZV0M3eASDCvJ1xivDMjtB2KSw),Taste From Home,,Eggs,,,,#ERROR
S'mores Cookie Bars,⭐⭐⭐⭐,Hard,,Dessert,45,,Taste From Home,,,,,,#ERROR
Orange Chicken,⭐⭐⭐⭐,Fairly Easy,,Main Dish,40,,Taste From Home,,"Chicken,Rice",,,,#ERROR
Tostadas,⭐⭐⭐,Super Simple,,Main Dish,20,,Taste From Home,,"Chicken,Cheese",,,,#ERROR
Black Bean Stuffed Sweet Potatoes,⭐,Fairly Easy,,Main Dish,20,,Taste From Home,,"Beans,Cheese",,,,#ERROR
Asian Shredded Beef,⭐⭐⭐⭐⭐,Super Simple,,Main Dish,30,Image 23 June 2017 11:19 AM.jpg (https://v5.airtableusercontent.com/v1/15/15/1679162400000/v6pZXgRpqUvSkMnCkPNSPw/nKmL7-Yaflsz1aKRHPS3nCUWQ9M-vGfUVFnN2U55XWCBR_tsEhouFWUlmgabwE6cXMfGMo4gkm3y3D8LHUG3WA/wVy4vVjFG6dlpJ4CQ6DkADG0c9VQPY7TramxX1Pe51s),Taste From Home,,"Beef,Noodles",checked,,,#ERROR
"Capellini with sausage, spinach, and jalapeno",⭐⭐⭐⭐,Fairly Easy,,Main Dish,40,,Taste From Home,,"Sausage,Noodles",,,10/8/2018,11/7/2018
Crispy Chicken with Kale,⭐⭐,Fairly Easy,,Main Dish,45,,Taste From Home,,Chicken,,,,#ERROR
Roast Chicken Grain Bowl,⭐,Average,,Main Dish,60,,Taste From Home,,Chicken,,,,#ERROR
Chicken thighs with barley and peas,⭐⭐,Fairly Easy,,Main Dish,60,,Taste From Home,,Chicken,,,12/27/2018,2/27/2019
Rice noodles with meatballs and bok choy,⭐⭐⭐⭐,Hard,,Main Dish,45,,Taste From Home,,"Beef,Noodles",,,,#ERROR
Paprika Pork with Roasted Potatoes and Dill Cream,⭐⭐⭐,Fairly Easy,,Main Dish,60,,Taste From Home,,"Pork,Potatoes",,,,#ERROR
Chicken cutlets with carrot and kale salad,⭐⭐⭐,Average,,Main Dish,30,,Taste From Home,,Chicken,,,,#ERROR
Gnocchi and sweet potatoes,⭐⭐⭐,Fairly Easy,,Main Dish,20,,Taste From Home,,,,,,#ERROR
Shepherd's Pie,⭐⭐⭐⭐,Hard,,Main Dish,60,,Taste From Home,,"Beef,Potatoes",,,,#ERROR
Garlic Parmesan Chicken,⭐⭐,Super Simple,,Main Dish,45,,Taste From Home,,"Chicken,Rice",,,,#ERROR
Turkey Pot Pie,⭐⭐⭐,Fairly Easy,,Main Dish,60,,Taste From Home,,Turkey,,,,#ERROR
Balsamic Bacon Brussels Sprouts,⭐⭐⭐,Fairly Easy,,Side Dish,40,,Taste From Home,,Bacon,,,11/10/2018,12/27/2018
Lemon Red Potatoes,⭐⭐,Super Simple,,Side Dish,150,,Taste From Home,,Potatoes,,,,#ERROR
Potato and Corn Chowder,⭐⭐⭐,Super Simple,,Main Dish,20,,Taste From Home,,"Potatoes,Milk,Cheese",,,,#ERROR
Thai Chicken,⭐⭐⭐⭐⭐,Super Simple,,Main Dish,30,Image 22 May 2017 06:55 PM.jpg (https://v5.airtableusercontent.com/v1/15/15/1679162400000/fkhurZr13mpRoiw9hzOGMQ/iiCbWlLO7GpcKa0Q_5AIOZk28asv-Md3aXCSd-cGoP9fRufzhQhAC1szgee6JbJKWvTJDAhgAcKBqTd9PymydA/bph3BbNPn9KuKMNJAx8isCstNLlC-VwHOA4_O8d21lo),,,"Chicken,Noodles,Eggs",,,5/22/2017,6/11/2017
Italian Fagoli Vegetable Soup,⭐⭐⭐⭐,Fairly Easy,I added pasta to make it heartier,Main Dish,45,Image 30 May 2017 05:01 PM.jpg (https://v5.airtableusercontent.com/v1/15/15/1679162400000/yIJFAPQNXJq_79hg354fvQ/dkQTZPThf9Avikzr-PX7fSxBojimHJIOtcOP1cl_N1CTDIwvNzLnHuYfTD0ogF5moHMMPaB81SO504rAJrd0mg/Bo3pFZUwjFlrFav5QvoqpR9K1XWHmhuvViDI-7RFCoA),Taste From Home,,"Vegetarian,Beans,Noodles",,,5/30/2017,6/29/2017
Blueberry Pie,⭐⭐⭐⭐⭐,Fairly Easy,,Dessert,120,Image 23 June 2017 10:41 AM.jpg (https://v5.airtableusercontent.com/v1/15/15/1679162400000/J8Q8CuFD8KXy8kJ-l9qEJg/xyB_WOyAVc90iiJRT_QL7hXmpKuDcv55ELBz0i-an9Zr1H8Fdr2E13jOKPX4TEaRzAES_47ETu7rU9HomZKjoQ/kZQp9Rci8vPnvS8Q_-5VyAhE_6ABh6wHzWiUwwr0cB4),,,,,,6/19/2017,7/9/2017
Chocolate Pudding,⭐⭐⭐⭐,Fairly Easy,,Dessert,30,,,,,,,6/21/2017,7/21/2017
Browned Butter Beets,⭐⭐⭐⭐⭐,Hard,Roast longer than you think,Side Dish,120,Image 23 June 2017 10:46 AM.jpg (https://v5.airtableusercontent.com/v1/15/15/1679162400000/M8ajKbDxNBl7tQvVvt_Utg/f10qdY8WJDGBFkhF1bpQfD9Z0WS34_0wiU8W5AkWACu4hum_9q0M-xMbkAqLVnv6pUuyZxYo89UWIQ2XBIuSAA/7j0SPaC4s2I9N3y5o7OC1U_4O_JJsBD1ebI4dwCgXzg),Taste From Home,,"Beets,Breadcrumbs",,,6/4/2017,6/24/2017
Turkey Soup with Homemade Noodles,⭐⭐⭐⭐,Average,,Main Dish,120,Image 23 June 2017 11:22 AM.jpg (https://v5.airtableusercontent.com/v1/15/15/1679162400000/dA7s3pWK2hEZUL97J1v2aA/tkW3OIkgy5fUVsg5OWv2bBH2_m_oPu0a4YTNCSK6SZWNWHbVMH6N22dtK_l4u1vrw5zW9SdYrHOMc8GFpmeC7A/frmCP2pFfRwz6w1vmVnvJBXYSIEIJikrRHPU3sqalRc),,,"Turkey,Noodles",,,11/17/2016,12/17/2016
Home fries,⭐⭐⭐⭐⭐,Super Simple,,Side Dish,45,Image 23 June 2017 11:27 AM.jpg (https://v5.airtableusercontent.com/v1/15/15/1679162400000/vLq84cvBqHQ8Yi6rsA067Q/fkfeHDN16jzHHjBfWT2ocvPu6vMNsT2HYcFN0_edHpiqU6HJtDO21obpO7p2t-gQWlTY-FpmSKtAoYQFakrtJg/HXyZIkawkBCJXD0ZvmS3Dz7WM9MRA9wwujf2eDQNnCY),,,Potatoes,,,,#ERROR
Chocolate Raspberry Torte,⭐⭐⭐⭐⭐,Hard,So good,Dessert,60,Image 23 June 2017 11:28 AM.jpg (https://v5.airtableusercontent.com/v1/15/15/1679162400000/mwQwHhf4hbjaqK2JFEyVMA/D2S5t5bmlXD1PqUNn0u2k4hch9m33uTv6oObn58cYJJyu7oE8mWY-47_Em1TwDzaYeCj-qoJu2vzFWtfuc9jCQ/tXFUR6Xjbrk1o6yjDTAnhmfE5cgla3JgrNowA45PCYQ),,,"Eggs,Milk",,,10/11/2016,10/31/2016
Golden Latte,⭐⭐⭐⭐⭐,Super Simple,,Drink,20,Image 23 June 2017 11:31 AM.jpg (https://v5.airtableusercontent.com/v1/15/15/1679162400000/-Gx5tf4hPmQhCYnJSYr5ug/oStW5M14EMu5W-av5n8huBtRxg_eeqo5XEQS4yAOZnVjZPTSoVYiK95vUtaULES1XVTzRr-Xd89kqDxMXN2L2w/xRhRPtDRVhQtTZLuT4wXgzWF5WnO4BTjrceg7K4we7c),Taste of Home,,Milk,,,,#ERROR
Fig Shake,⭐⭐⭐⭐,Fairly Easy,,Drink,10,Image 25 June 2017 10:12 AM.jpg (https://v5.airtableusercontent.com/v1/15/15/1679162400000/PQiA0f3eXdSqWLUySEvWhg/dboAZl3ZC-8290tJnUpv0XNGYRcyLRBA4dxiTdrzEFVNVpVS3AYZKRWhnHC3ktcDYm7OI_5C3ZtrzV3zaUZI6A/HCEFpztaERnYoQ-tAxyTXaXd4IvSsm7JeVuFzz2Qo7w),,,Milk,,,,#ERROR
Lentil Soup,⭐⭐⭐,Average,Double it next time,Main Dish,60,,Pinterest,,"Lentils,Vegetarian,Carrots,Onion",,http://www.recipetineats.com/lentil-soup/,8/27/2017,10/13/2017
Buckwheat Tabboulah,⭐,Super Simple,Use more buckwheat,Main Dish,30,,Pinterest,,"Buckwheat,Vegetarian,Carrots,Onion",,http://rawmanda.com/buckwheat-tabbouleh/,8/26/2017,11/7/2017
Lentil Rice Bowls with Egg,⭐⭐⭐⭐,Fairly Easy,Add rice in after 15 minutes and use more water,Main Dish,60,IMG_20170828_182603.jpg (https://v5.airtableusercontent.com/v1/15/15/1679162400000/ZGJnfNL8y0JxX0vRLSx5nA/5MiHQCGRqb2-4ylIS2oY1oeAjqgAzBFIfEHW3W3PVHM8_bfnsdpU4IYxMLCAgodx/WR9oBEw_Xlw70V62a16T7v4uBVNjXp_PYJYWt5EJtlg),Pinterest,,"Rice,Lentils,Onion",,https://www.thekitchn.com/recipe-brown-rice-bowl-with-lentils-caramelized-onions-fried-egg-223112,1/5/2019,2/4/2019
Italian Vegetable Lentil Soup,⭐⭐⭐⭐,Fairly Easy,,Main Dish,60,IMG_20170902_192742.jpg (https://v5.airtableusercontent.com/v1/15/15/1679162400000/0JWEi6U888kyaQafN9cyiA/60HO6EPsR3hosLVN4cbUzWvyYDwYrAZB267UMpatrm-weYR1829CCDlL_AiVk0fq/rsNYyOYo3eQj7p9g8oP0JUuC-7fum65PVXQ022phgQ4),Pinterest,,"Lentils,Onion,Vegetarian",,http://www.cookingclassy.com/italian-vegetable-lentil-soup/,6/26/2018,7/26/2018
One Pot Chicken & Potatoes,⭐⭐⭐⭐,Super Simple,,Main Dish,90,IMG_20170906_181313.jpg (https://v5.airtableusercontent.com/v1/15/15/1679162400000/rKURXSFEZ0TVESFsNHaNrQ/z6XhP7-KWMgUzemKVfLZEeZfUeHB3tq7CTmjLw0239aB2dnpZFqaFJ70-gKjxwfa/C6n1vDfH6HjdH1-h5HvYYvQOsHH4Af6Ax4KaVJfuuP0),Pinterest,,"Potatoes,Chicken,Carrots,Onion",,http://letthebakingbeginblog.com/2014/05/one-pot-chicken-potatoes/,9/30/2018,10/30/2018
Sweet Korean Lentils,⭐⭐⭐⭐⭐,Fairly Easy,DELICIOUS,Main Dish,45,IMG_20170903_192529.jpg (https://v5.airtableusercontent.com/v1/15/15/1679162400000/BolWtLYnevor-VffKvzQoQ/UBM_4BsBZbO6j4DfZz5s1R_v4ac5dUgzatjdVTMXzp8qQwqAEp--QvoGTRK8qbDX/_lOF83qAjh5v8-Rmi4LnSYSRGRHfvhHEVk8uRxIt5IU),Pinterest,,"Lentils,Rice,Onion",,https://itdoesnttastelikechicken.com/easyrecipe-print/7850-0/,2/18/2019,3/10/2019
Buckwheat Beetroot Salad,⭐⭐⭐,Average,,Main Dish,60,IMG_20170904_194839.jpg (https://v5.airtableusercontent.com/v1/15/15/1679162400000/hjITK9MEiGHiOB_T9XZFdw/CqQh_DW-5Ii-QpTJo8Am3Rvb42hh6JSRW5gN9xgWGrjhbbuduAEDO-53-DQNPsYY/Fi_GZ1QD34Q58qmkL1cySpOQLHgmJd7EDrpTLLmb_aY),Pinterest,,"Beets,Buckwheat",,https://www.lazycatkitchen.com/warm-buckwheat-beetroot-salad/,12/13/2017,1/29/2018
New Potato Lentil Salad,⭐⭐⭐⭐,Fairly Easy,,Main Dish,50,IMG_20170905_205050.jpg (https://v5.airtableusercontent.com/v1/15/15/1679162400000/UBR6QmPLFUoeUmCRvcW1Ow/1hfR3CBN__jcLqDqtofPiaum6s8Ufvv1JvmK_aHzmnS9Y5V1nh5zHxz7xCz392l0/mOsZlR3PDnaoM8YxLE-ifdFYIfTDHTKEtkUa9brz400),Pinterest,,"Potatoes,Lentils",,http://www.occasionallyeggs.com/2016/08/roasted-new-potato-salad-with-lentils.html,1/16/2019,2/15/2019
Ham & Potato Soup,⭐⭐⭐⭐,Average,Super yummy,Main Dish,60,IMG_20170910_191325.jpg (https://v5.airtableusercontent.com/v1/15/15/1679162400000/8SwgznJtT365O8Y7PwTMcQ/oRL21piMjKeyIujNplTkuBXZZYwdwahT1ojNEZb_8pnMrzEiezMYeWURPs5rMRte/TpjpAm8JjVKbbk1ElaSIVzJI7N4SrXbxPmyY7v-U24E),,,"Potatoes,Ham,Onion,Milk",,http://allrecipes.com/recipe/56927/delicious-ham-and-potato-soup/,7/15/2018,8/14/2018
Lemon Dill Potatoes,⭐⭐⭐⭐,Super Simple,,Main Dish,50,IMG_20170912_202005.jpg (https://v5.airtableusercontent.com/v1/15/15/1679162400000/DZc7_gL2izUfpTyf7tED_Q/c5_-2j131sun1_nu1767FpPx8OweD2CB0Qrnp_LvrvBYR11D1UkGK7GnQDVUwNRj/Ak6drnzuQCG0wGVVw-e9nSykv2gedqgFCvctyYVwqdY),Pinterest,,Potatoes,,https://tastespace.wordpress.com/2015/07/18/creamy-lemon-dill-roasted-potato-salad/,12/16/2018,1/15/2019
BBQ Lentils,⭐⭐⭐,Fairly Easy,Very good,Main Dish,60,IMG_20171001_183430.jpg (https://v5.airtableusercontent.com/v1/15/15/1679162400000/vmTtzuyFYO1dTWbX9AqPrA/-zHFa4VIyQPXNLz56xHr6d_soRVEjzwcqkeFrn3H_IXcG6Ja0g4zhlvIcSuz3ikv/EOpOJcud5R8IFfXXoBGm-6ahfCG7fW8EDkSPubaJcNk),Pinterest,,"Lentils,Rice",,https://www.rebootedmom.com/2017/08/05/barbecue-lentils-vegan-gluten-free-and-dairy-free/?utm_medium=social&utm_source=pinterest&utm_campaign=tailwind_tribes&utm_content=tribes,10/1/2017,11/17/2017
Healthy Buckwheat Soup,⭐⭐⭐,Super Simple,Eh,Main Dish,45,IMG_20170916_181235.jpg (https://v5.airtableusercontent.com/v1/15/15/1679162400000/37B7To0MFIcHRlKITPUtuQ/xe425mv5fmbS3hXkKEe0DkGR80eEjhkG0n6cS0Qzho13uHrR25GsIi1QJ74v77bv/CDfN1MXYaR0orjs_0O9aaxkbztqsMnH9_ToBqt5c8Cg),Pinterest,,"Buckwheat,Carrots,Onion",,http://momsdish.com/recipe/385/healthy-buckwheat-soup,12/17/2017,2/2/2018
Buckwheat Chicken Pilaf,⭐⭐⭐⭐⭐,Hard,Extremely good,Main Dish,120,IMG_20170920_214256.jpg (https://v5.airtableusercontent.com/v1/15/15/1679162400000/mcFV-EUbnlElpnTild0P8Q/EvVTMo8uB3WnLOOhBxjPuDwb7WFCLSEZF6rchICAYWA9hTnBoovoT9QnkIeTu9TN/f2JhgFHztDI2RrVeiBi-llfFjBY2iLLJODVB7Eswf8M),Pinterest,,"Buckwheat,Carrots,Chicken,Onion",,https://natashaskitchen.com/buckwheat-and-beef-pilaf-plov/,1/19/2019,2/8/2019
Vegetable Noodle Soup,⭐⭐⭐⭐,Super Simple,"Luke's favorite way to eat noodles.  Absorbs a lot of water, need to add more second day",Main Dish,40,IMG_20170925_215045.jpg (https://v5.airtableusercontent.com/v1/15/15/1679162400000/oBAlpxL-pCSOyVKjqFYekg/woL2Z7etoPGHZp2ztwMREbOSGsjJS6pOzPuznvUrKj6JgnKP747c8B96DlloAib1/ifxOzSOue3FtJgNOnN_vPo0xSiSdCBuRfSVtywf4OtQ),Pinterest,,"Carrots,Noodles",,http://thevegan8.com/2014/10/18/classic-vegan-noodle-soup/,8/28/2018,9/27/2018
Bacon and Honey Potato Salad,⭐⭐⭐,Fairly Easy,Don't cook bacon too long,Main Dish,45,IMG_20170926_202224.jpg (https://v5.airtableusercontent.com/v1/15/15/1679162400000/chKRCxZLmJpPgWMDZ0D27Q/0IeTX6Ak3l39ogeQ_lkKXJ38SA7oXW45XuwEY7LXyKn2w_U8D9ArhfIRi40iY5Oe/jqgBvJ3I5Nz0ZOCOOn2nOLuZU3aX5FSA3RGxI9sY9eI),Pinterest,,"Potatoes,Bacon",,https://www.smalltownwoman.com/warm-bacon-honey-mustard-potato-salad/,10/3/2017,11/19/2017
Pretzel Sticks,⭐⭐⭐⭐,Average,Flip pretzel sticks half way through,Baking Basics,60,IMG_20171004_185102.jpg (https://v5.airtableusercontent.com/v1/15/15/1679162400000/RsT-TARYVG3wVbaJaae5uw/5cKxrusvnA9aByIhxV7h2dUIV3Ri84xUMURFyQR91On9La56yIsmNjCv-PUDusQp/ut61LYJP7A1UENFlUdOZ9IdKipw_MkqvRjfnu3g33HA),Pinterest,,"Eggs,Flour,Yeast",,https://gatherforbread.com/german-soft-pretzel-sticks/,10/4/2017,11/3/2017
Golden French Lentil Soup,⭐⭐⭐,Fairly Easy,Best lentil soup,Main Dish,60,IMG_20171008_191344.jpg (https://v5.airtableusercontent.com/v1/15/15/1679162400000/hbwhWY4D8TKtiR0R_iMvIQ/zO_hiecwKrJRqzu81Smtjydp9U2CCxlMJDRahnk1h7jXygCjMKrSMEACgpG_DqYd/DVu94B9Sa1U7YPEaIKwTPcl1NN-j7ItGFvnm5_9iEDE),Pinterest,,Lentils,,https://www.veggiesdontbite.com/vegan-lentil-stew-oh-she-glows-every-day/,2/1/2019,3/20/2019
Lentil Shepherd's Pie,⭐⭐⭐⭐⭐,Average,So good,Main Dish,90,IMG_20171010_202849.jpg (https://v5.airtableusercontent.com/v1/15/15/1679162400000/j6F-H2a3L2qFYHXLp05PDw/yXHSy-pEjPBNK_D6sU-cphwhxtwwioFfT1jcgaZ-65oXXtlGqzCi74lUkF0l3Gjf/f8tC4vql2mAFDO9lZhnhBGmO3bx57Mu5CXq_rccB3PM),Pinterest,,"Lentils,Carrots,Onion,Peas,Potatoes",,https://itdoesnttastelikechicken.com/seriously-the-best-lentil-shepherds-pie/,1/2/2018,1/22/2018
Honey Lime Chicken,⭐⭐⭐,Fairly Easy,Doesn't use the stove!  Sear chicken skin longer (+5 minutes),Main Dish,45,IMG_20171011_210405.jpg (https://v5.airtableusercontent.com/v1/15/15/1679162400000/VpYjHHYSV9q7BTDmvg8dnQ/az1FRGR53z2BwWkqduj2JrM8U-ZM-4twLL41fuXMANb9jQTM3t-2xfvfpn7TLmt8/KdQ1hENA6Llqq-twcrSAaJAt7Vi0A-Y8kwYckMm8boE),Pinterest,,"Chicken,Rice",,http://www.juliasalbum.com/2015/09/cilantro-lime-honey-chicken-thighs-recipe/,11/11/2017,12/28/2017
Lentil Curry,⭐⭐,Super Simple,Makes a ton,Main Dish,45,Image 05 November 2017 10:19 PM.jpg (https://v5.airtableusercontent.com/v1/15/15/1679162400000/weJT8i4EPE9kDcR36JLTcg/TtOgXyV_8I7kNd7SaFpjdNTXX4bzUQxY4Z_LqcT31PZdMwQ2HUyDXy1p9D4OAPBHeh9TJ8QykIvT1kMoiCK2OQ/7_-lLzGlv41Al4zzKkPwsOY12cr1lUd0LLMyr5j6lYg),Pinterest,,"Lentils,Carrots,Onion",,https://www.forksoverknives.com/recipes/indian-curry-lentils/#gs.lUICmXM,1/3/2018,3/6/2018
Dutch Oven Bread,⭐⭐⭐⭐⭐,Super Simple,Bake at 180 for 25 min with lid and 15 min without,Baking Basics,60,Image 05 November 2017 10:21 PM.jpg (https://v5.airtableusercontent.com/v1/15/15/1679162400000/LL0lyw7BJst6C4rO3XB_WQ/mI0kLcTRUkc-wfWdpVVl557naXa__DM8oMNarBfV4wdJO59_t4l0PJsZ-lyaRAnsC-MhPGDia9uYwUKITjthsA/ifQUzqcmcD5UuFqedcIl_pOhhVT_NIFkjMrjyMTFvDk),Pinterest,,"Flour,Yeast",,http://www.nutritiouseats.com/rosemary-dutch-oven-bread/,11/5/2017,11/25/2017
Potato Apple Roast,⭐⭐⭐⭐,Average,,Main Dish,45,IMG_20171030_190727.jpg (https://v5.airtableusercontent.com/v1/15/15/1679162400000/ahF54ZXD1sX-Aa0DezRjqQ/2glBLzcL86GuOTK_pyan3ou61xt9CscOjjzFhjwEqgaALUmqybdzIiiFdWxRNfou/2pVIitgVIhi6eP5jup8C--Cpxr0ZqkhXheTnUNTenDE),Pinterest,,"Apple,Potatoes,Ham",,https://www.healthyseasonalrecipes.com/roasted-potatoes-with-apples-sausage-and-maple-mustard-glaze/,7/21/2018,8/20/2018
Baking Powder Biscuits,⭐⭐⭐⭐,Super Simple,,Baking Basics,30,IMG_20171025_194215.jpg (https://v5.airtableusercontent.com/v1/15/15/1679162400000/dFckaLg8ZBbafLxr3J9W1g/Y0u2LWE44z1rsMy-8qcWMAZrc1RbOfWvqwsNFznGkLJTy5_umRG1zjHDQk1rE6KF/NYm1JvIlQGDUCG5mfyZiMafbNjkW8PzZxcUvjpYyE1c),Pinterest,,"Flour,Milk,Eggs",,https://www.kingarthurflour.com/recipes/baking-powder-biscuits-recipe,10/25/2017,11/24/2017
Sugar Cookies,⭐⭐⭐⭐⭐,Fairly Easy,,Baking Basics,25,IMG_20171018_201605 (1).jpg (https://v5.airtableusercontent.com/v1/15/15/1679162400000/XJZaKu7FVxEmMaPjA9NS9A/zpuR59zVGCti51bGlM6AhP16lo-Gv4iEQ4ht0JTm3_lAvDQn5_IIB2p4C-WNYEY-5V8CyedhH92I4xfw6lwEow/0fnEVSypyo91aX2FXv4AEKO1c_5EYjUZzdbDc9hSeu4),Pinterest,,"Flour,Eggs",,https://deliciouslysprinkled.com/soft-sugar-cookies/,10/18/2017,11/7/2017
Potato Curry,⭐⭐⭐⭐,Fairly Easy,"Too tomatoey, use less tomato, more cream",Main Dish,35,IMG_20171017_203922.jpg (https://v5.airtableusercontent.com/v1/15/15/1679162400000/PMUx8MPRk_wFgx1MzuJ3dg/eg6Hi5Fsh9pfbvRGvQPuGreiCTlHJ2E5XnBRkE6rT7J0Oscex_GpYcmqL68KAorA/zL9s8f4NaYRKtIfParTMFbv0wboUfWJF5hqwW9aOCm4),Pinterest,,"Potatoes,Vegetarian",,http://www.savorytooth.com/easy-weeknight-potato-curry/,1/14/2018,2/13/2018
Bucatini all'Amatriciana,⭐⭐⭐⭐,Hard,Very yummy,Main Dish,45,IMG_20171107_194756.jpg (https://v5.airtableusercontent.com/v1/15/15/1679162400000/FFMQs1fFyLCQqA7XTu37PQ/clJFn0eFSIBylTgykgC8Qybvy7TgYAsu9wHrIGDZQb4mIAnhxuKyjkrGCHyP4gjw/tGACkwIE_yV8vKlxek_MY-gOUeJMvYDaCSe-56sQ8pw),Pinterest,,"Noodles,Tomatoes,Bacon",,https://www.bonappetit.com/recipe/bucatini-all-amatriciana-2,7/19/2018,8/18/2018
Brioche Chocolate Rolls,⭐⭐⭐⭐,Fairly Easy,,Baking Basics,120,IMG_20171108_194838.jpg (https://v5.airtableusercontent.com/v1/15/15/1679162400000/c0hDFOCvQyVQ3UtSMBBfuw/2yFrAs9ec4W-La2m-h62TIPDiJRtrM6Qykwq4v3WEz6vPaklDtIVrlI4931cxjTa/QbQwhohuD_4MGQmfndcPX1X72sb8DKnjvyWgSY9AMCQ),Pinterest,,"Flour,Eggs,Yeast,Fish",,https://tutti-dolci.com/2013/11/brioche-rolls-with-chocolate/,11/7/2017,12/7/2017
Naan,⭐⭐⭐⭐⭐,Fairly Easy,Don't fry too long,Baking Basics,45,IMG_20171115_202417.jpg (https://v5.airtableusercontent.com/v1/15/15/1679162400000/_83wcjB77HE8BI-Yy46JTg/IXH6iSE9V2Gy0ffe2wwo9aOFlGsccyaweqFhDwRYCtgp_SWw_Jzsa5vrRAZmsjdJ/gFNXXlR9KgCJ_8lIwALT4-omEo9Se2stVjub88WWuL4),Pinterest,,"Milk,Yogurt,Flour,Yeast",,https://food52.com/recipes/24144-homemade-naan?utm_source=cj&affil=cj&utm_medium=affiliate&utm_campaign=Food52+Shop&company=Skimlinks&website=7262954,1/3/2018,1/23/2018
Lemon Poppy Seed Scones,⭐⭐⭐⭐⭐,Super Simple,,Baking Basics,30,IMG_20171119_085520.jpg (https://v5.airtableusercontent.com/v1/15/15/1679162400000/6VMbRXOKL4dPEhojEX5OSQ/w0qgz0CVWZ7IIcaV3KX9WM2qt6gJ75AQcZettlBeMKQcgZj54hzlnBdIRb29nZ-G/5Yrrd2R9_gD2EelLkG180iuYMS54qGIafFcpxbxMksI),Pinterest,,"Flour,Butter,Sour Cream",,http://barefootandbaking.blogspot.ru/2012/05/lemon-poppy-seed-scones.html,11/19/2017,12/9/2017
Balsamic Dijon Root Vegetables,⭐⭐⭐⭐,Fairly Easy,Really yummy - takes a long time to cook,Main Dish,150,IMG_20171118_193436.jpg (https://v5.airtableusercontent.com/v1/15/15/1679162400000/vVUMmr-G2WC0BTyNBT6Y5w/Ah3DHJzv7966YOMHpApCrz_7dQ0ZgSq-Oe5PNI1GdYnVCO36IBZJEsXT1I6-tuqd/6vh5GqVyYLUjF54S7SylqZhtaHrl-Iy39JXwFWVIx_Q),Pinterest,,"Potatoes,Onion,Carrots,Parsnips",,http://www.thecreativebite.com/balsamic-dijon-roasted-root-vegetables/,6/19/2018,7/19/2018
Best Baked Chicken Legs,⭐⭐⭐⭐⭐,Super Simple,Luke loves it,Main Dish,90,IMG_20171121_204505.jpg (https://v5.airtableusercontent.com/v1/15/15/1679162400000/hPWmG0CDRQKiijQfTF7vtA/qHaiU3PWIoYxFEJsPe5GlcoF5OfRn3GoHOk63WeepDFHfvDnClGbBMNcwDaSl0w5/b-yfiC4tPFgsFvZ7FFACkWw9mCVX5_nipa3yOaTvK3w),Pinterest,,"Chicken,Rice",,https://www.blessthismessplease.com/chicken-legs/?m,1/11/2019,1/31/2019
Spanish Lentil Soup,,Fairly Easy,Burns in an enamel pot,Main Dish,60,,Pinterest,,"Ham,Lentils",,http://www.myrecipes.com/recipe/spanish-style-lentil-soup,11/19/2017,11/19/2017
Chocolate Chip Irish Soda Bread,⭐⭐,Average,Can use enamel pot instead of skillet,Baking Basics,60,,Pinterest,,"Flour,Chocolate Chips",,http://www.delish.com/cooking/recipe-ideas/recipes/a51728/irish-soda-bread-recipe/,12/2/2017,2/2/2018
Malteese Gilatti,⭐⭐,Average,Hard to get them toasty,Baking Basics,120,,Pinterest,,"Flour,Butter,Yeast",,http://www.ilovefood.com.mt/recipes/galletti-recipe/,12/17/2017,2/17/2018
Buckwheat Carrot and Onion,⭐⭐⭐⭐,Fairly Easy,,Main Dish,40,,Pinterest,,"Buckwheat,Carrots,Onion",,http://www.pinchofcinnamon.com/2011/12/cooking-buckwheat.html,1/10/2018,2/9/2018
Sweet Potatoes with Yogurt and Chickpeas,⭐⭐⭐⭐⭐,Fairly Easy,,Main Dish,30,,,,"Chickpeas,Potatoes,Yogurt,Eggs",,https://www.prevention.com/food/10-healthy-chickpea-recipes/slide/9,1/8/2019,1/28/2019
Spanish Chickpeas,⭐⭐⭐⭐⭐,Average,Don't forget to make Naan dough ahead of time,Main Dish,45,,,,"Chickpeas,Flour,Yogurt,Onion,Eggs",,https://www.prevention.com/food/10-healthy-chickpea-recipes/slide/3,1/21/2019,2/10/2019
Lemon Fettuchini,⭐⭐⭐⭐,Fairly Easy,,Main Dish,30,,,,"Noodles,Coconut milk",,https://veganheaven.org/recipe/lemon-spaghetti-with-spinach/,6/1/2018,7/1/2018
Chickpea Masala,⭐⭐⭐⭐⭐,Fairly Easy,Don't forget to make Naan dough ahead of time,Main Dish,40,IMG_20180326_175645649.jpg (https://v5.airtableusercontent.com/v1/15/15/1679162400000/g8wzOzx72xi7WRA7N5vBYA/Q2Fu7HjW8L3OaOtzxelzamnxDxODL6a0zaF-9R3BX6fSB2kGa16G13dm8x-2hj1k/sl7E6mbmnLNPfk7c9JT6mc92FnPC6uRSKwElrxZmJ08),,,"Chickpeas,Flour,Yogurt,Eggs",,,11/11/2018,12/1/2018
Chickpea Broccoli Pesto,⭐⭐⭐,Super Simple,,Side Dish,40,,,,"Broccoli,Chickpeas",,,6/1/2018,7/18/2018
Thai Veggie Soup,⭐⭐⭐,Average,,Main Dish,30,IMG_20180327_174117059.jpg (https://v5.airtableusercontent.com/v1/15/15/1679162400000/kuoqOvSTk0FvZrU7cQooMw/fiTmyf9MHKcKfP0utYNQN3ecONuqKpfvfP2fxbHw66hZjAmUEwK8G8G_Sdbcv_cQ/5uHktC88LbCap5zrFfVgtxHZ0DwnnOwX_1C03Bivn3w),,,"Coconut milk,Noodles",,https://www.budgetbytes.com/thai-curry-vegetable-soup/,7/11/2018,8/27/2018
Buttery Herb Chicken,⭐⭐⭐⭐,Fairly Easy,,Main Dish,20,IMG_20180401_180911317_HDR.jpg (https://v5.airtableusercontent.com/v1/15/15/1679162400000/8JOymstN_CtEtxRtHlTV-w/gBiiegRgCjfTjlz5vtS5Liai1alJyX8kIqNRH1KGWaMH9VZJ-iGys-dKfyQNei_d_3yz9k4F2v43zMuXwmzpKw/fHM6b7u3xSLj01u9fx1yPWLeasyGZpikJDBCMHBZmHs),,,"Chicken,Rice",,,4/1/2018,5/1/2018
Rosemary Parsnips,⭐⭐⭐⭐⭐,Super Simple,Can throw in carrots as well,Main Dish,35,IMG_20180401_180921951_HDR.jpg (https://v5.airtableusercontent.com/v1/15/15/1679162400000/VSVYIslupxkf_iS7AFECqA/H9p3gNy6gj1cKS2D4SmJgKnT4oS7KU-G2YYEzfhTDE5OnNwahnonpA7C85Ut_3yJ8xUQcBuUUdFBUg2lnMd2Ww/LPhHOziwqDJcU8t21baTQG9_04PbwdxMWUfZRGyLkyc),,,Parsnips,,,4/1/2018,4/21/2018
Balsamic Potatoes and Asparagus,⭐⭐⭐,Super Simple,Potatoes for 25 min then aspargus for 15,Main Dish,40,,,,"Potatoes,Asparagus",,http://wallflowerkitchen.com/balsamic-roasted-new-potatoes-asparagus/,3/30/2018,5/16/2018
Quinoa Brussels Sweet Potato Salad,⭐⭐⭐⭐,Average,,Main Dish,40,,,,"Quinoa,Brussels Sprouts ,Sweet potato",,https://laurenkellynutrition.com/sweet-potato-brussels-sprout-quinoa-bowl/,12/30/2018,1/29/2019
Thai Peanut Cabbage Quinoa,⭐⭐⭐⭐,Fairly Easy,,Main Dish,20,IMG_20180430_173418382_HDR.jpg (https://v5.airtableusercontent.com/v1/15/15/1679162400000/YogeP_VZo6Z2GqIeKmaYEA/EwBVzuCadWGevtFg9XbhuNw6efx9OAIP_0Lx1LYogNJhy-RBFcEND70H_RIM03-gMt9XxP77QPpBVcvi_Bui3Q/SJL0FfCu2F5aqibSkQXZ-8TTZ-RgTcfAkJI6Ht3pB6Q),,,"Quinoa,Cabbage,Peanut",,https://cookieandkate.com/2017/thai-peanut-quinoa-salad-recipe/,2/16/2019,3/18/2019
Lemon Garlic Asparagus with Orzo,⭐⭐⭐,Average,,Main Dish,30,,,,"Orzo,Asparagus",,https://www.thegardengrazer.com/2018/03/lemon-garlic-orzo-with-asparagus.html,6/13/2018,7/30/2018
Moroccan Sweet Potato Lentil Stew,⭐⭐⭐,Average,,Main Dish,60,IMG_20180416_180744528.jpg (https://v5.airtableusercontent.com/v1/15/15/1679162400000/YUfvX-RBp0MShOEgwaWRBw/xhR2d_RNRGd8KdLQPYP2ijlmVbTFgpmf1m4ZxEdAAWnzcyKQtUJY9CdDl23Y3iBk/Q_onvL6w8plDFmDRvdTF3yAkNfWuGjCQfKx_Y3LQ7qk),,,"Sweet potato,Lentils,Spinach,Onion,Carrots",,https://monkeyandmekitchenadventures.com/moroccan-sweet-potato-lentil-stew/,4/16/2018,6/2/2018
Chia Crusted Salmon,⭐⭐⭐⭐,Fairly Easy,SO GOOD,Main Dish,20,IMG_20180406_181053651.jpg (https://v5.airtableusercontent.com/v1/15/15/1679162400000/ExP8Tu2GskVG61ZgUbr1uw/pP1baVXFl1oejYnDECdQasVvXihyK6en2COPw-P16qkQv3HCHca_SKCH1gJOeuFa/JBzLOgHBn4Vfi68nhSTPq4994PSPTJsZCWi39M778Lk),,,"Salmon,Chia",,https://houseandhome.com/recipe/chia-crusted-salmon-recipe/,8/4/2018,9/3/2018
Pinto Beans and Tomatillo Cilantro Lime Rice,⭐⭐⭐⭐⭐,Hard,Amazing flavor,Main Dish,60,IMG_20180418_174202925.jpg (https://v5.airtableusercontent.com/v1/15/15/1679162400000/TfR8b9pN4go23nx_w3quKw/v-i9Nsffl3dqgV0sfoUVTXTkG8MYG9tGFC9tOIQkJeE3bQ3RPcMBuf53hAfnP-Xu/5hgAWINShx-PeGAsSXkbqHcAHtTZm5hFJhV-Inq8SX0),,,"Beans,Rice,Onion,Tomatillo,Lime,Garlic",,https://www.thecuriouschickpea.com/mexican-pinto-beans-and-tomatillo-cilantro-lime-rice/,2/17/2019,3/9/2019
Thai Squash Soup,⭐⭐⭐,Average,,Main Dish,60,IMG_20180424_190711006_HDR.jpg (https://v5.airtableusercontent.com/v1/15/15/1679162400000/LxeiysD8FKqgVOJvy4g5wQ/p13rjYwNEi2m4D83ulvEeRUKQNBbAXUeJRE_GuKIcwesUfgoPF1w0STNlaEhDi9aSMdf-JAuOMiGHzLqaYqqMA/S8c9rSewPif20EocRO7WsDAfPLPFQg5NK8OqZZ1T2qU),,,"Squash,Coconut milk,Peanut,Onion,Garlic,Carrots,Cilantro",,http://hostthetoast.com/thai-coconut-curry-butternut-squash-soup/,4/17/2018,6/3/2018
Roasted Carrot & Peanut Sauce,⭐⭐⭐⭐⭐,Average,Ask Luke for recipe link,Main Dish,75,IMG_20180426_174238611_HDR.jpg (https://v5.airtableusercontent.com/v1/15/15/1679162400000/ei838NQzy9IRzjOamZQEag/v9zHlrs1B_l439f66lXU_z1ddlNPOr9tpxselXG4qR39oGICs5VxZbiMbV-0dRqZilf9N05x39Pal386uUGLhw/ffcUuxnBnoBjgfhRIZ_cY99uDAAOMMXjgndNXlyT1wk),,,"Carrots,Peanut,Cilantro",,https://pinchofyum.com/lentil-curry-bowls-with-cilantro-cashew-sauce,2/11/2019,3/3/2019
Majoram White Wine Chicken,⭐⭐⭐⭐,Average,,Main Dish,120,IMG_20180609_195012555_HDR.jpg (https://v5.airtableusercontent.com/v1/15/15/1679162400000/Z_G968dN21zyTXcV0rxUNA/YpkTfnpSiDv7eR4izohMOohojnk3q29fjuoBjingg0qtqLY1vmcihYmA6Xc4hCo83Zf-EbFe54vE_z5Lgr9e7A/pvjDU7XFWnDXOuOZa6Hsqd9k5tydpj0_QUuHDi4ZKbE),Pinterest,,"Chicken,Wine",,https://www.foodandwine.com/recipes/wine-baked-chicken-legs-with-marjoram,1/8/2019,2/7/2019
Marjoram Carrots,⭐⭐⭐⭐⭐,Fairly Easy,,Side Dish,30,IMG_20180609_195018909_HDR.jpg (https://v5.airtableusercontent.com/v1/15/15/1679162400000/ga4beG_qun7ct6-4CZJgZQ/y07rKE761WQ9G4l92gklLBC9hNXbmnNoe3ZIweOnhxbXBnBfcbDOXrMaCNlyiBu2YxuHzXunF6TBvnsYGlz71w/H6-0BCX2_1CqxRTcTewdh9BSrmhc1lqk19mkmCy9RSI),Pinterest,,"Carrots,Garlic",,https://www.foodandwine.com/recipes/sauteed-carrots-lemon-and-marjoram,1/8/2019,1/28/2019
Soy Mustard Salmon,⭐⭐⭐⭐,Fairly Easy,,Main Dish,20,IMG_20180616_181210927_HDR.jpg (https://v5.airtableusercontent.com/v1/15/15/1679162400000/aMdH2yvyyOZAr54K04AwFg/a8PGvMCrAXUH3iOItelV8m0f4TMZvFjEagmiMKjCVXFXI8xENOTPYPqA24SCULL6FhKo8oM22SZyfKadhJIiAw/JHHx7N7aocQZWRiLezuQ_r9t4LtmmHOO1v0EdPCa9IY),Sheet Pan Recipes,84,"Salmon,Soy Sauce,Dijon Mustard,Garlic,Ginger",,,6/16/2018,7/16/2018
Chive Butter Radishes,,,,,,,,,,,,6/16/2018,6/16/2018
Mango Chutney,⭐⭐⭐,Average,"Lots of chopping but easy clean up
Use less spices to allow mango and feta flavors more room",Side Dish,30,IMG_20180617_185026265_HDR.jpg (https://v5.airtableusercontent.com/v1/15/15/1679162400000/UIVmCIyQeQEdp8abxpscaw/tuSTNSGCOIaciDuhAGDThp8Wxxe1Q_ra50KMtjxIFt8XSXNHjZQfd9qXXD5MhW2li8sCI9xoEAGBim5Qv7gMzA/p9XKPYqhmxMB39Xnj4Y_s2h4g3E7LzrS_bpLif4IHcc),Sheet Pan Recipes,,"Mango,Cheese,Apple,Raisins,Bell Pepper,Jalopeno Pepper",,,9/2/2018,10/19/2018
Vegetarian Chili,,,,Main Dish,,,Taste of Home,260,"Vegetarian,Tomatoes",,,7/8/2018,7/8/2018
Sweet Potato Breakfast Burritos,⭐⭐⭐⭐,,,Main Dish,,,,,Sweet potato,,https://www.ambitiouskitchen.com/healthy-sweet-potato-black-bean-avocado-breakfast-burritos/,11/1/2018,12/1/2018
Roasted Sweet Potato Lentil Salad,⭐⭐⭐⭐⭐,Fairly Easy,"Super healthy and yummy.

Combined two rexpies, use 1 c lentils, 3 sweet potatoes and add more celery and spinach.

Also use 1/4 tsp each paprika and cumin in dressing.",Salad,45,Image 07 July 2018 02:45 PM.jpg (https://v5.airtableusercontent.com/v1/15/15/1679162400000/G3Rt9gPnA1dECN1KPscgVg/rJ0miXfswe6XxEsaAEqeqexe9Jcw4Mv8z7UyxnvkfypXXP9cmK_P6LPQS0ZMLFaWWv-sTJua053exCG9J8qoDQ/CH91UcYHef_krjOGN-9IqJidnrb5ughDdsnh9J7W8oo),Pinterest,,"Lentils,Sweet potato,Spinach,celery",,https://www.melskitchencafe.com/roasted-sweet-potato-lentil-salad/,1/17/2019,2/6/2019
Cornbread,⭐⭐⭐,Fairly Easy,,Side Dish,40,Image 15 July 2018 05:04 PM.jpg (https://v5.airtableusercontent.com/v1/15/15/1679162400000/ROesenvy7Mvx-Mdam_FG6Q/HB_AO6r93nYP9yxQfqIp2tmzAEri_5uhWDTrvj4VO38iljHyyr71tDPkbvE9kjxcW_wWrRHNqI7W3bqfVixriA/WiG6UH4izIakVB_gxsdC-IvKkepUAs1dRJ58YBLpUo4),Taste of Home,450,"Butter,Milk,Flour,Corn Meal,Baking Powder",,,7/8/2018,8/24/2018
Brussel Honey Lentil Quinoa,⭐⭐⭐,Fairly Easy,,Main Dish,,Image 17 July 2018 05:44 PM.jpg (https://v5.airtableusercontent.com/v1/15/15/1679162400000/Q3q-wnpgJKaLx9uEV-tKuQ/jNhGiXKirODdzP3jfHegrS-2433KO2ikoNcDCTcjVTpR_bjMuUO6BbU27NZLdnO6Du72OG4aX5Sg7PXSzf4g5Q/b3UmBFOc2HmKc55XpjHX8pJAUkEeqV5jNTWw8OtFOB4),,,"Brussels Sprouts ,Quinoa,Lentils,Onion",,https://www.thekitchn.com/recipe-honey-roasted-sprouts-and-lentils-and-quinoa-249782,10/15/2018,12/1/2018
Lentil Sweet Potato Curry,⭐⭐⭐⭐,Average,,Main Dish,60,Image 30 July 2018 07:44 PM.jpg (https://v5.airtableusercontent.com/v1/15/15/1679162400000/uJXoPBwSqtMaoyGZdaquKg/BV-thHJ4DrqW_hM-GEcFTlHjrnFWZFb8xT-XrECVc2vPUot-9pquLOn8InJR0Rd0ERH8uuvQll-77NU515Jo7Q/myJdgEI0L4_cb3GK6bhgiw2jVcBIvzecx1gbL_z3_sQ),Taste of Home,262,"Sweet potato,Apple,Lentils,Onion,Garlic,Tomatoes,Rice",,,7/30/2018,8/29/2018
Gnocci and white beans,⭐⭐⭐⭐,Average,,Main Dish,30,,Taste of Home,258,"Beans,Spinach,Tomatoes,gnocchi,Cheese",,,2/3/2019,3/5/2019
Pad Thai,⭐⭐⭐,Fairly Easy,,Main Dish,30,,Taste of Home,,"Vegetarian,Noodles",,,12/5/2018,1/21/2019
Kung Pao Chicken,⭐⭐,Fairly Easy,"Would be better with chicken breast, not legs",Main Dish,,IMG_20180825_175504336_HDR.jpg (https://v5.airtableusercontent.com/v1/15/15/1679162400000/xNhdvZkX8Kj093vQrLbigw/dCIJKtql6bd-bLanHow5gyc-ajP4uxf5lI1cf8d8i5mca6br8eHdWYrLWiK8e00ZzdygB49qQvCDODYaRm2VCw/b0-v6abIaJiNbWDVLPAYNecs9KBoiiCTvpBt3Rq8jc4),,,"Chicken,Peanut,Water chestnuts",,,11/20/2018,1/21/2019
Mediterranean Tuna Steaks,⭐⭐⭐,Fairly Easy,Make some rice to go with it,Main Dish,,IMG_20180914_181912580_HDR.jpg (https://v5.airtableusercontent.com/v1/15/15/1679162400000/15YovQ2w7aKqZwpuJX15ug/Kvw-NhFYZp9l5lKZbFERx8DAAwiyr18xvlCsY3BDoQeIVmi3MTIctRH8z2GBx5UAXc0XPtSxNnR-TW6ucHUTbw/ErAFBzQm82bkmCcV5MGKgMw0qB4TbhJQL1T_7m6cFZs),,,"Tuna,Capers",,https://howtofeedaloon.com/mediterranean-tuna-steaks/,9/14/2018,10/31/2018
Spicy Black Bean Nachos,⭐⭐,,,Main Dish,,,,,"Beans,Adobo Chile",,https://www.mexicanplease.com/spicy-black-bean-nachos/,9/17/2018,11/18/2018
Tomato Basil Soup,⭐⭐⭐⭐,Average,,Main Dish,45,IMG_20180916_182754746.jpg (https://v5.airtableusercontent.com/v1/15/15/1679162400000/APQGiM-fVQORGUuCbwOUJw/_aZb3R0UeXh8XT4ocJtmR2w6Qt61iFZdJ9HgrJ4_HFITEAIQJLCHiLrfJvjmrQ1M/Z-qF6k7SCB9UzecSlISxA7R9FKqu10jpXZrLeWFQ7OM),Good Housekeeping,60,"Tomatoes,Basil",,,1/12/2019,2/11/2019
Chewy Chocolate Chip COokies,⭐⭐⭐⭐⭐,Fairly Easy,,Dessert,30,IMG_20180804_143434172_HDR.jpg (https://v5.airtableusercontent.com/v1/15/15/1679162400000/ko-eFS2piCDf1pJiEumi0A/kl4OuIA_pA0iSbVZI7P3JjiMj7OTsU_NOlh6U_sweXkMZYhxlo5wWcUvphqdv1BlPiq09ESRNiFHo6_1Gl9R-w/79D_CzLCTjH4yc_6PL7oweXORYmGLa-taFWbX6oTIVE),Pinterest,,"Butter,Chocolate Chips,Flour",,https://www.ihearteating.com/chewy-brown-sugar-chocolate-chip-cookie-recipe/,9/10/2018,9/30/2018
Quinoa Peanut Kale Curry,⭐⭐⭐⭐,Average,,Main Dish,45,IMG_20180823_204308156_HDR.jpg (https://v5.airtableusercontent.com/v1/15/15/1679162400000/gssheMc6isEimDd206x7tg/Sb_hHNvlB0G2eRQ7gKp-5xhyd1S36hpI7knrbf8zzhV92yF68p-5UMS1gvQG46k5VaqsCkQgsn3Fj57b5f-osQ/duTAQ38hKLaf4Psf67N63bf6JnZAMpoTrh2Jy_Cv5pM),,,"Quinoa,Kale,Peanut,Cilantro,Onion,Coconut milk",,https://www.cookinglight.com/recipes/chickpea-and-kale-curry,12/28/2018,1/27/2019
Sweet Potato Lentil Curry with Pickled Onion,⭐⭐⭐⭐,Average,,Main Dish,60,"IMG_20180813_172915204_HDR.jpg (https://v5.airtableusercontent.com/v1/15/15/1679162400000/pJ6ltr26KugGqmF8S4itkQ/FTm5RowFipSZ7UkbZ6qx4pbxkQoL_yh_FGhZesCfujnsWNrVdgUpkaXK11jA7o06XXra_bvex9-iaeWZO9bobA/m97rBoCALfjzR41WfLYQ6IbF-ayvQAbPPt7dBj77ETo),IMG_20180813_172921095_HDR.jpg (https://v5.airtableusercontent.com/v1/15/15/1679162400000/VOdbaLl1SxWDJSkBDMDIkQ/KoqHfzqn3bLqryec5UQHHQT5vMopnTaaQ3nC9jEZRxqiOHYNL0fdT24Y4gpMSnhCOmy2Y3VMwEYtXRX0mk9v1A/mLDDl8Y9P0MOaqJRnYgPD5AnyeXhls5IFQK00yKYtdw)",,,"Sweet potato,Red onion,Lentils,Ginger,Coconut milk,Cilantro",checked,https://www.cookinglight.com/recipes/sweet-potato-and-red-lentil-curry,2/2/2019,3/4/2019
Sardine Mediterranean Pasta,⭐⭐⭐,Fairly Easy,,Main Dish,30,IMG_20180814_172611816_HDR.jpg (https://v5.airtableusercontent.com/v1/15/15/1679162400000/lluJ8n2ICMknFKu-ug2oFA/0qX4gjVxyNe8ZO__w28DVahxASZUptZXxbhMtjLxWlHNshN7PShcnY1-8w1yHO7DptklpEC4SozJYwVLN2F2aw/iLBmyF8PBZSSFxzibpQX5Ut58dX4u9kXYEltatRu7rY),,,"Sardine,Capers,Shallots,Lemon,Parsley",,https://toriavey.com/toris-kitchen/mediterranean-sardine-lemon-pasta/,2/4/2019,3/23/2019
Prosciutto apple flatbread pizza,⭐⭐⭐,Fairly Easy,,Main Dish,45,,Sheet Pan Suppers,,"Apple,Prosciutto,Cheese",,,9/23/2018,11/9/2018
Dill Cucumber Salmon,⭐⭐⭐⭐,Average,,Main Dish,30,Image 23 September 2018 09:05 AM.jpg (https://v5.airtableusercontent.com/v1/15/15/1679162400000/c4HlllbJ6vcsyBWKFXI-Pg/R6EdIs7t2irQhgIUPG13-XOdyt_Ie87WKnK9dDqsOF38XmQAgu8EHS63b5TTsMEupj0Jk7rpijdVdVoz-xw5lg/niDCoBU13KahAxRpaETzwu7F0yZsA0lQWq6EvIO52Bc),Sheet Pan Suppers,,"Fish,Yogurt,Cucumber,Dill,Broccoli,Red onion",,,11/2/2018,12/2/2018
Vegetable Couscous,⭐⭐⭐⭐⭐,,,Main Dish,,,Good Housekeeping,380,"Couscous,Green Onion,Carrots",,,1/30/2019,2/19/2019
Talapia Tacos,⭐⭐⭐⭐,Fairly Easy,,Main Dish,30,,Sheet Pan Suppers,90,Tilapia,,,10/26/2018,11/25/2018
Roasted Mackerel,,,,,,,Taste of Home,,,,,11/30/2018,11/30/2018
Lentil Salsa Soup,⭐⭐⭐⭐,,,,,,Taste of Home,,,,,12/7/2018,1/6/2019
Pesto Tomato Penne,⭐⭐⭐,Super Simple,,Main Dish,20,,,,Pesto,,https://www.foodnetwork.com/recipes/giada-de-laurentiis/penne-with-sun-dried-tomato-pesto-recipe-1942250,1/13/2019,3/1/2019
Black Bean Soup,⭐⭐⭐⭐,Fairly Easy,,Main Dish,30,,Taste From Home,,,,,2/13/2019,3/15/2019
Balsamic Pork Chops,,,,,,,,,,,,2/14/2019,2/14/2019
